,job_id,location
0,J1,Hyderabad
1,J2,Hyderabad
2,J3,Bangalore
3,J3,Hyderabad
4,J3,Mumbai
5,J4,Bangalore
6,J4,Chennai
7,J4,Mumbai
8,J5,Bangalore
9,J5,Hyderabad
10,J5,Mumbai
11,J6,Mumbai
12,J7,Bangalore
13,J7,Hyderabad
14,J7,Mumbai
15,J8,Bangalore
16,J8,Chennai
17,J8,Mumbai
18,J9,Gurgaon
19,J10,Jaipur
20,J10,Lucknow
21,J11,Bangalore
22,J12,Mumbai
23,J13,Bangalore
24,J14,Bangalore
25,J14,Chennai
26,J14,Mumbai
27,J15,Mumbai
28,J16,Bangalore
29,J16,Chennai
30,J16,Mumbai
31,J17,Mumbai
32,J18,Kolkata
33,J18,Mumbai
34,J19,Chandigarh
35,J19,Gandhinagar
36,J19,Indore
37,J20,Jamshedpur
38,J20,Kolkata
39,J20,Ranchi
40,J21,Bangalore
41,J21,Chennai
42,J22,Mumbai
43,J23,Bangalore
44,J23,Delhi
45,J23,Mumbai
46,J24,Bangalore
47,J24,Hyderabad
48,J25,Bangalore
49,J26,Gurgaon
50,J27,Bangalore
51,J28,Work From Home
52,J29,Bangalore
53,J29,Gurgaon
54,J29,Mumbai
55,J30,Bangalore
56,J30,Gurgaon
57,J30,Hyderabad
58,J31,Bangalore
59,J32,Bangalore
60,J32,Hyderabad
61,J33,Bangalore
62,J33,Hyderabad
63,J34,Bangalore
64,J34,Hyderabad
65,J35,Bangalore
66,J35,Hyderabad
67,J36,Work From Home
68,J37,Work From Home
69,J38,Bangalore
70,J39,Bangalore
71,J40,Bangalore
72,J41,Hyderabad
73,J42,Work From Home
74,J43,Bangalore
75,J44,Bangalore
76,J45,Mumbai
77,J46,Hyderabad
78,J47,Hyderabad
79,J48,Hyderabad
80,J49,Bangalore
81,J49,Gurgaon
82,J50,Bangalore
83,J50,Gurgaon
84,J51,Chennai
85,J51,Hyderabad
86,J51,Vijayawada
87,J52,Chennai
88,J53,Work From Home
89,J54,Work From Home
90,J55,Work From Home
91,J56,Work From Home
92,J57,Bangalore
93,J57,Mumbai
94,J58,Bangalore
95,J59,Work From Home
96,J60,Work From Home
97,J61,Kochi
98,J62,Chennai
99,J62,Coimbatore
100,J62,Mysuru
101,J63,Anantapur
102,J63,Hyderabad
103,J63,Kurnool
104,J64,Bangalore
105,J65,Mumbai
106,J66,Bangalore
107,J66,Hyderabad
108,J66,Noida
109,J67,Mumbai
110,J68,Bangalore
111,J68,Delhi
112,J69,Delhi
113,J69,Lucknow
114,J70,Mumbai
115,J70,Pune
116,J71,Mumbai
117,J72,Work From Home
118,J73,Bangalore
119,J74,Bangalore
120,J75,Bangalore
121,J76,Bangalore
122,J77,Mumbai
123,J78,Mumbai
124,J79,Noida
125,J80,Noida
126,J81,Delhi
127,J82,Mumbai
128,J83,Mumbai
129,J84,Bangalore
130,J85,Bangalore
131,J86,Bangalore
132,J87,Work From Home
133,J88,Bangalore
134,J89,Bangalore
135,J90,Gurgaon
136,J91,Chennai
137,J92,Bangalore
138,J93,Mumbai
139,J94,Work From Home
140,J95,Work From Home
141,J96,Work From Home
142,J97,Bangalore
143,J98,Work From Home
144,J99,Bangalore
145,J100,Mumbai
146,J101,Bangalore
147,J102,Bangalore
148,J103,Bangalore
149,J104,Bangalore
150,J105,Work From Home
151,J106,Bangalore
152,J107,Bangalore
153,J108,Hyderabad
154,J109,Hyderabad
155,J110,Bangalore
156,J111,Chennai
157,J112,Work From Home
158,J113,Work From Home
159,J114,Bangalore
160,J115,Work From Home
161,J116,Bangalore
162,J117,Hyderabad
163,J118,Hyderabad
164,J119,Bangalore
165,J120,Bangalore
166,J121,Bangalore
167,J122,Bangalore
168,J123,Ahmedabad
169,J124,Bangalore
170,J125,Work From Home
171,J126,Work From Home
172,J127,Mumbai
173,J128,Hyderabad
174,J129,Bangalore
175,J130,Bangalore
176,J131,Bangalore
177,J132,Bangalore
178,J133,Bangalore
179,J134,Work From Home
180,J135,Noida
181,J136,Bangalore
182,J137,Bangalore
183,J138,Chennai
184,J139,Bangalore
185,J140,Bangalore
186,J141,Work From Home
187,J142,Chennai
188,J143,Work From Home
189,J144,Bangalore
190,J145,Gurgaon
191,J146,Bangalore
192,J147,Delhi
193,J148,Bangalore
194,J149,Bangalore
195,J150,Bangalore
196,J151,Work From Home
197,J152,Work From Home
198,J153,Coimbatore
199,J154,Coimbatore
200,J155,Kolkata
201,J156,Bangalore
202,J157,Hyderabad
203,J158,Bangalore
204,J159,Bangalore
205,J160,Bangalore
206,J161,Hyderabad
207,J162,Bangalore
208,J163,Coimbatore
209,J164,Noida
210,J165,Bangalore
211,J166,Mumbai
212,J167,Work From Home
213,J168,Pune
214,J169,Bangalore
215,J170,Bangalore
216,J171,Work From Home
217,J172,Work From Home
218,J173,Bangalore
219,J174,Bangalore
220,J175,Bangalore
221,J176,Gurgaon
222,J177,Mangalore
223,J178,Bangalore
224,J179,Bangalore
225,J180,Noida
226,J181,Bangalore
227,J182,Bangalore
228,J183,Chennai
229,J184,Bangalore
230,J185,Work From Home
231,J186,Bangalore
232,J187,Bangalore
233,J188,Bangalore
234,J189,Bangalore
235,J190,Bangalore
236,J191,Bangalore
237,J192,Bangalore
238,J193,Gurgaon
239,J194,Gurgaon
240,J195,Bangalore
241,J196,Delhi
242,J197,Bangalore
243,J198,Bangalore
244,J199,Chennai
245,J200,Ahmedabad
246,J201,Bangalore
247,J202,Delhi
248,J203,Bangalore
249,J204,Bangalore
250,J205,Belgaum
251,J206,Work From Home
252,J207,Work From Home
253,J208,Hyderabad
254,J209,Bangalore
255,J210,Bangalore
256,J211,Work From Home
257,J212,Mumbai
258,J213,Gurgaon
259,J214,Gurgaon
260,J215,Work From Home
261,J216,Work From Home
262,J217,Work From Home
263,J218,Delhi
264,J219,Delhi
265,J220,Bangalore
266,J221,Bangalore
267,J222,Vadodara
268,J223,Noida
269,J224,Work From Home
270,J225,Bangalore
271,J226,Work From Home
272,J227,Bangalore
273,J228,Bangalore
274,J229,Bangalore
275,J230,Bangalore
276,J231,Mumbai
277,J232,Bangalore
278,J233,Bangalore
279,J234,Bangalore
280,J235,Bangalore
281,J236,Hyderabad
282,J237,Bangalore
283,J238,Noida
284,J239,Chennai
285,J240,Ahmedabad
286,J241,Bangalore
287,J242,Bangalore
288,J243,Ahmedabad
289,J244,Work From Home
290,J245,Bangalore
291,J246,Bangalore
292,J247,Bangalore
293,J248,Gurgaon
294,J249,Bangalore
295,J250,Chennai
296,J251,Bangalore
297,J252,Mumbai
298,J253,Bangalore
299,J254,Work From Home
300,J256,Bangalore
301,J257,Gurgaon
302,J258,Hyderabad
303,J259,Bangalore
304,J260,Gurgaon
305,J261,Bangalore
306,J262,Hyderabad
307,J263,Hyderabad
308,J264,Bangalore
309,J265,Bangalore
310,J266,Bangalore
311,J266,Hyderabad
312,J267,Bangalore
313,J268,Gurgaon
314,J269,Mumbai
315,J270,Bangalore
316,J271,Bangalore
317,J272,Mumbai
318,J273,Bangalore
319,J274,Bangalore
320,J275,Mumbai
321,J276,Bangalore
322,J276,Hyderabad
323,J277,Noida
324,J278,Bangalore
325,J279,Gurgaon
326,J280,Bangalore
327,J281,Work From Home
328,J282,Bangalore
329,J282,Work From Home
330,J283,Delhi
331,J284,Pune
332,J285,Bangalore
333,J286,Bangalore
334,J287,Work From Home
335,J288,Work From Home
336,J290,Noida
337,J291,Bangalore
338,J291,Work From Home
339,J292,Bangalore
340,J293,Bangalore
341,J294,Bangalore
342,J295,Bangalore
343,J295,Hyderabad
344,J296,Bangalore
345,J296,Hyderabad
346,J297,Bangalore
347,J298,Surat
348,J299,Bangalore
349,J299,Work From Home
350,J300,Work From Home
351,J301,Work From Home
352,J302,Noida
353,J303,Work From Home
354,J304,Chennai
355,J305,Bangalore
356,J306,Hyderabad
357,J307,Bangalore
358,J308,Delhi
359,J309,Bangalore
360,J310,Gurgaon
361,J311,Bangalore
362,J311,Work From Home
363,J312,Chennai
364,J313,Bangalore
365,J314,Bangalore
366,J315,Bangalore
367,J316,Bangalore
368,J317,Work From Home
369,J318,Bangalore
370,J319,Bangalore
371,J320,Bangalore
372,J321,Work From Home
373,J322,Bangalore
374,J323,Bangalore
375,J324,Delhi
376,J325,Noida
377,J326,Noida
378,J326,Work From Home
379,J327,Noida
380,J328,Bangalore
381,J329,Bangalore
382,J330,Bangalore
383,J331,Gurgaon
384,J332,Work From Home
385,J333,Gurgaon
386,J334,Bangalore
387,J335,Bangalore
388,J336,Bangalore
389,J337,Noida
390,J338,Noida
391,J339,Chennai
392,J340,Hyderabad
393,J341,Bangalore
394,J342,Hyderabad
395,J343,Work From Home
396,J344,Bangalore
397,J345,Pune
398,J346,Delhi
399,J347,Bangalore
400,J348,Bangalore
401,J349,Bangalore
402,J350,Bangalore
403,J351,Gurgaon
404,J352,Kolkata
405,J353,Gurgaon
406,J354,Work From Home
407,J355,Pune
408,J356,Delhi
409,J357,Bangalore
410,J358,Bangalore
411,J358,Noida
412,J358,Work From Home
413,J359,Gurgaon
414,J360,Bangalore
415,J361,Bangalore
416,J362,Bangalore
417,J363,Bangalore
418,J364,Indore
419,J365,Bangalore
420,J366,Work From Home
421,J367,Work From Home
422,J368,Bangalore
423,J368,Gurgaon
424,J369,Bangalore
425,J370,Work From Home
426,J371,Work From Home
427,J372,Bangalore
428,J373,Bangalore
429,J374,Bangalore
430,J375,Bangalore
431,J375,Work From Home
432,J376,Gurgaon
433,J377,Bangalore
434,J378,Bangalore
435,J379,Bangalore
436,J380,Chennai
437,J381,Bangalore
438,J382,Mumbai
439,J383,Mumbai
440,J384,Work From Home
441,J385,Bangalore
442,J386,Gurgaon
443,J387,Bangalore
444,J388,Bangalore
445,J389,Bangalore
446,J389,Work From Home
447,J390,Bangalore
448,J390,Hyderabad
449,J391,Chennai
450,J392,Hyderabad
451,J393,Hyderabad
452,J394,Bangalore
453,J395,Bangalore
454,J396,Bangalore
455,J397,Work From Home
456,J398,Bangalore
457,J398,Gurgaon
458,J398,Mumbai
459,J399,Mumbai
460,J400,Bangalore
461,J401,Gurgaon
462,J402,Gurgaon
463,J403,Bangalore
464,J404,Bangalore
465,J405,Bangalore
466,J406,Bangalore
467,J407,Gurgaon
468,J408,Bangalore
469,J409,Noida
470,J410,Bangalore
471,J411,Panaji
472,J412,Bangalore
473,J414,Work From Home
474,J415,Bangalore
475,J416,Delhi
476,J416,Gurgaon
477,J417,Mumbai
478,J418,Bangalore
479,J419,Hyderabad
480,J420,Gurgaon
481,J421,Delhi
482,J422,Bangalore
483,J423,Bangalore
484,J424,Bangalore
485,J424,Mumbai
486,J425,Work From Home
487,J426,Coimbatore
488,J427,Work From Home
489,J428,Mumbai
490,J429,Bangalore
491,J430,Mumbai
492,J431,Mumbai
493,J432,Mumbai
494,J433,Noida
495,J434,Noida
496,J435,Bangalore
497,J436,Jaipur
498,J437,Work From Home
499,J438,Work From Home
500,J439,Work From Home
501,J440,Work From Home
502,J441,Bangalore
503,J441,Hubli
504,J442,Bangalore
505,J444,Bangalore
506,J445,Bangalore
507,J446,Bangalore
508,J447,Kolkata
509,J448,Bangalore
510,J449,Hyderabad
511,J450,Bangalore
512,J451,Bangalore
513,J452,Bangalore
514,J453,Bangalore
515,J454,Delhi
516,J455,Bangalore
517,J456,Bangalore
518,J457,Chennai
519,J458,Chennai
520,J459,Hyderabad
521,J460,Hyderabad
522,J461,Bangalore
523,J462,Bangalore
524,J463,Gurgaon
525,J464,Bangalore
526,J465,Bangalore
527,J466,Noida
528,J466,Work From Home
529,J467,Mumbai
530,J468,Bangalore
531,J469,Hyderabad
532,J470,Work From Home
533,J471,Bangalore
534,J472,Bangalore
535,J473,Bangalore
536,J474,Bangalore
537,J475,Bangalore
538,J476,Work From Home
539,J477,Pune
540,J478,Bangalore
541,J479,Bangalore
542,J480,Chennai
543,J481,Chennai
544,J482,Bangalore
545,J483,Bangalore
546,J484,Bangalore
547,J485,Bangalore
548,J486,Pune
549,J487,Pune
550,J488,Pune
551,J489,Bangalore
552,J490,Bangalore
553,J491,Gurgaon
554,J492,Bangalore
555,J493,Bangalore
556,J494,Chennai
557,J495,Bangalore
558,J496,Bangalore
559,J497,Pune
560,J498,Pune
561,J499,Bangalore
562,J500,Bangalore
